frame,idx,hdim_1,hdim_2,num,threshold_value,feature,time,timestr,y,x,latitude,longitude,cell,time_cell
0,1,154.27921458188945,432.10682953496297,4821,0.7,1,2019-11-01 01:00:00,2019-11-01 01:00:00,154.27921458188945,432.10682953496297,45.671317247367924,14.279748231764424,1,0 days 00:00:00
0,2,168.82134358043768,55.46254683292897,445,0.7,2,2019-11-01 01:00:00,2019-11-01 01:00:00,168.82134358043768,55.46254683292897,45.78172386666275,11.420968097403637,2,0 days 00:00:00
0,3,185.51713854082038,520.5243859715926,360,0.7,3,2019-11-01 01:00:00,2019-11-01 01:00:00,185.51713854082038,520.5243859715926,45.908481529051784,14.950849229385902,3,0 days 00:00:00
0,6,250.58564774618162,480.0504282900595,3909,0.7,4,2019-11-01 01:00:00,2019-11-01 01:00:00,250.58564774618162,480.0504282900595,46.40249407182567,14.643646514535558,4,0 days 00:00:00
0,7,419.16802024347805,49.198674554833765,7684,0.7,5,2019-11-01 01:00:00,2019-11-01 01:00:00,419.16802024347805,49.198674554833765,47.68240362440819,11.373424474799497,5,0 days 00:00:00
1,1,147.2228383838586,447.20849485996456,3207,0.7,6,2019-11-01 02:00:00,2019-11-01 02:00:00,147.2228383838586,447.20849485996456,45.61774389228526,14.394371877494986,1,0 days 01:00:00
1,2,166.31537650911864,52.62577273213923,406,0.7,7,2019-11-01 02:00:00,2019-11-01 02:00:00,166.31537650911864,52.62577273213923,45.76269808629483,11.399436605177527,2,0 days 01:00:00
1,4,250.87544125764217,514.809392245521,699,0.7,8,2019-11-01 02:00:00,2019-11-01 02:00:00,250.87544125764217,514.809392245521,46.404694239483185,14.907471667897696,4,0 days 01:00:00
1,5,425.03690711669043,39.20643146233805,5429,0.7,9,2019-11-01 02:00:00,2019-11-01 02:00:00,425.03690711669043,39.20643146233805,47.72696133385774,11.297582022484539,5,0 days 01:00:00
2,1,145.53441055173175,435.34977695427693,1791,0.7,10,2019-11-01 03:00:00,2019-11-01 03:00:00,145.53441055173175,435.34977695427693,45.604925025880824,14.304362633429047,6,0 days 00:00:00
2,2,152.65914475211463,480.22172995260115,347,0.7,11,2019-11-01 03:00:00,2019-11-01 03:00:00,152.65914475211463,480.22172995260115,45.659017367966165,14.64494671690779,1,0 days 02:00:00
2,4,439.29171553994325,30.26942019471866,2629,0.7,12,2019-11-01 03:00:00,2019-11-01 03:00:00,439.29171553994325,30.26942019471866,47.83518656049848,11.229748919884013,5,0 days 02:00:00
3,1,144.06079821207913,431.16179720984354,1109,0.7,13,2019-11-01 04:00:00,2019-11-01 04:00:00,144.06079821207913,431.16179720984354,45.59373707970126,14.272575310890652,6,0 days 01:00:00
3,3,164.08603399881417,50.88876529535235,482,0.7,14,2019-11-01 04:00:00,2019-11-01 04:00:00,164.08603399881417,50.88876529535235,45.74577249239881,11.386252488010262,2,0 days 03:00:00
3,4,270.4822443605072,515.0656193928188,756,0.7,15,2019-11-01 04:00:00,2019-11-01 04:00:00,270.4822443605072,515.0656193928188,46.553552831370446,14.909416465979652,4,0 days 03:00:00
3,5,434.90496889580515,52.67248491795277,5534,0.7,16,2019-11-01 04:00:00,2019-11-01 04:00:00,434.90496889580515,52.67248491795277,47.80188154259288,11.399791156872507,5,0 days 03:00:00
4,4,441.56722051764405,44.70978434367893,3585,0.7,17,2019-11-01 05:00:00,2019-11-01 05:00:00,441.56722051764405,44.70978434367893,47.852462628658905,11.339353201849555,5,0 days 04:00:00
5,3,444.77416202377026,30.351040536854168,2121,0.7,18,2019-11-01 06:00:00,2019-11-01 06:00:00,444.77416202377026,30.351040536854168,47.87681034074446,11.230368429122233,5,0 days 05:00:00
6,1,443.21127948754736,13.762382595294087,1093,0.7,19,2019-11-01 07:00:00,2019-11-01 07:00:00,443.21127948754736,13.762382595294087,47.86494463819179,11.104458311918739,5,0 days 06:00:00
7,2,439.7433734603528,6.295397938637345,608,0.7,20,2019-11-01 08:00:00,2019-11-01 08:00:00,439.7433734603528,6.295397938637345,47.83861563364693,11.047782906555122,5,0 days 07:00:00
9,1,4.673127926307891,58.37657940205413,373,0.7,21,2019-11-01 10:00:00,2019-11-01 10:00:00,4.673127926307891,58.37657940205413,44.53547927926698,11.443085991666445,7,0 days 00:00:00
9,2,163.2066546951664,7.793303543507124,374,0.7,22,2019-11-01 10:00:00,2019-11-01 10:00:00,163.2066546951664,7.793303543507124,45.73909607686135,11.059152209058878,8,0 days 00:00:00
9,3,172.64574088868358,49.790701597065,405,0.7,23,2019-11-01 10:00:00,2019-11-01 10:00:00,172.64574088868358,49.790701597065,45.810759421063764,11.3779180386874,9,0 days 00:00:00
9,4,303.77013509450194,8.841923380663106,392,0.7,24,2019-11-01 10:00:00,2019-11-01 10:00:00,303.77013509450194,8.841923380663106,46.80628085212746,11.067111372908258,10,0 days 00:00:00
9,5,425.7428078308655,29.680010381370554,4143,0.7,25,2019-11-01 10:00:00,2019-11-01 10:00:00,425.7428078308655,29.680010381370554,47.7323206668287,11.225275221110973,5,0 days 09:00:00
10,1,150.17552223808698,13.383938527788546,959,0.7,26,2019-11-01 11:00:00,2019-11-01 11:00:00,150.17552223808698,13.383938527788546,45.64016123174253,11.10158587117866,8,0 days 01:00:00
10,3,296.77630209899235,16.763275694117254,847,0.7,27,2019-11-01 11:00:00,2019-11-01 11:00:00,296.77630209899235,16.763275694117254,46.75318233697716,11.12723548913941,10,0 days 01:00:00
10,4,436.6767155828495,25.638254392618038,2794,0.7,28,2019-11-01 11:00:00,2019-11-01 11:00:00,436.6767155828495,25.638254392618038,47.81533298164854,11.194597756300706,5,0 days 10:00:00
11,1,149.18101981052783,13.559286829768487,949,0.7,29,2019-11-01 12:00:00,2019-11-01 12:00:00,149.18101981052783,13.559286829768487,45.63261077947256,11.102916788081735,8,0 days 02:00:00
11,4,294.19247641942644,17.232249592453353,758,0.7,30,2019-11-01 12:00:00,2019-11-01 12:00:00,294.19247641942644,17.232249592453353,46.73356543919304,11.13079506332033,10,0 days 02:00:00
11,5,411.3187528248131,18.977223401644345,2268,0.7,31,2019-11-01 12:00:00,2019-11-01 12:00:00,411.3187528248131,18.977223401644345,47.62281048782396,11.14403964631229,5,0 days 11:00:00
12,1,147.48785949649763,13.632757862627129,1037,0.7,32,2019-11-01 13:00:00,2019-11-01 13:00:00,147.48785949649763,13.632757862627129,45.619755983162136,11.103474442980092,8,0 days 03:00:00
13,1,146.78025199133046,14.640588033447854,1116,0.7,33,2019-11-01 14:00:00,2019-11-01 14:00:00,146.78025199133046,14.640588033447854,45.614383691908145,11.111124007844005,8,0 days 04:00:00
13,6,371.1278055574943,6.128446029697663,322,0.7,34,2019-11-01 14:00:00,2019-11-01 14:00:00,371.1278055574943,6.128446029697663,47.317673144145836,11.046515719390495,5,0 days 13:00:00
14,3,134.26847867178654,89.41126677535355,480,0.7,35,2019-11-01 15:00:00,2019-11-01 15:00:00,134.26847867178654,89.41126677535355,45.51939192050163,11.678643391084279,11,0 days 00:00:00
14,4,145.50888299847216,18.397479724008242,1381,0.7,36,2019-11-01 15:00:00,2019-11-01 15:00:00,145.50888299847216,18.397479724008242,45.60473121582354,11.139639314793232,8,0 days 05:00:00
14,5,167.86028701676827,49.231358233850585,656,0.7,37,2019-11-01 15:00:00,2019-11-01 15:00:00,167.86028701676827,49.231358233850585,45.7744273417759,11.37367254826452,12,0 days 00:00:00
14,9,355.3225251941855,13.095797933305956,815,0.7,38,2019-11-01 15:00:00,2019-11-01 15:00:00,355.3225251941855,13.095797933305956,47.19767643856757,11.099398845793594,5,0 days 14:00:00
15,1,98.02128313060204,417.3920965222994,673,0.7,39,2019-11-01 16:00:00,2019-11-01 16:00:00,98.02128313060204,417.3920965222994,45.244196292748605,14.168061453679691,13,0 days 00:00:00
15,2,120.88103167599908,220.2131010084379,465,0.7,40,2019-11-01 16:00:00,2019-11-01 16:00:00,120.88103167599908,220.2131010084379,45.41775186738829,12.671446686971066,14,0 days 00:00:00
15,3,161.4293196126988,181.50234968753065,3869,0.7,41,2019-11-01 16:00:00,2019-11-01 16:00:00,161.4293196126988,181.50234968753065,45.72560220964088,12.377626942599854,15,0 days 00:00:00
15,4,135.10912454838245,92.6761484224116,898,0.7,42,2019-11-01 16:00:00,2019-11-01 16:00:00,135.10912454838245,92.6761484224116,45.52577426446711,11.703424276450942,11,0 days 01:00:00
15,5,152.1927124062924,29.82521616773236,2317,0.7,43,2019-11-01 16:00:00,2019-11-01 16:00:00,152.1927124062924,29.82521616773236,45.655476124559705,11.226377352316756,8,0 days 06:00:00
15,7,200.27872806129267,126.68510737255606,1106,0.7,44,2019-11-01 16:00:00,2019-11-01 16:00:00,200.27872806129267,126.68510737255606,46.02055433452174,11.961556792201565,12,0 days 01:00:00
15,11,336.58344985657754,7.175744744638846,334,0.7,45,2019-11-01 16:00:00,2019-11-01 16:00:00,336.58344985657754,7.175744744638846,47.055405801514155,11.054464855746783,5,0 days 15:00:00
15,12,405.6165704498733,102.68841817198745,560,0.7,46,2019-11-01 16:00:00,2019-11-01 16:00:00,405.6165704498733,102.68841817198745,47.57951843074741,11.779418733753225,16,0 days 00:00:00
16,2,97.45809530531308,423.8749282779776,809,0.7,47,2019-11-01 17:00:00,2019-11-01 17:00:00,97.45809530531308,423.8749282779776,45.23992046327244,14.217267007802487,13,0 days 01:00:00
16,3,123.4272148353427,221.27558135111062,650,0.7,48,2019-11-01 17:00:00,2019-11-01 17:00:00,123.4272148353427,221.27558135111062,45.43708297597331,12.679511053898372,14,0 days 01:00:00
16,4,159.30317222953045,182.2097840084552,4200,0.7,49,2019-11-01 17:00:00,2019-11-01 17:00:00,159.30317222953045,182.2097840084552,45.70946009284893,12.38299646306228,15,0 days 01:00:00
16,5,134.59208613999658,96.63508118688064,1034,0.7,50,2019-11-01 17:00:00,2019-11-01 17:00:00,134.59208613999658,96.63508118688064,45.5218488101735,11.733473101987709,11,0 days 02:00:00
16,6,157.3898121474543,27.244736197013975,2662,0.7,51,2019-11-01 17:00:00,2019-11-01 17:00:00,157.3898121474543,27.244736197013975,45.6949334978657,11.206791166580752,8,0 days 07:00:00
16,8,198.79979515665454,139.25099339394345,458,0.7,52,2019-11-01 17:00:00,2019-11-01 17:00:00,198.79979515665454,139.25099339394345,46.00932599359716,12.056933536196913,12,0 days 02:00:00
16,10,331.2244029229901,7.993436620113752,502,0.7,53,2019-11-01 17:00:00,2019-11-01 17:00:00,331.2244029229901,7.993436620113752,47.01471889420925,11.060671245693463,5,0 days 16:00:00
16,11,389.25213849001835,120.17571714376008,309,0.7,54,2019-11-01 17:00:00,2019-11-01 17:00:00,389.25213849001835,120.17571714376008,47.45527653951208,11.912149655740112,16,0 days 01:00:00
17,2,97.34091031248636,429.6034950933968,483,0.7,55,2019-11-01 18:00:00,2019-11-01 18:00:00,97.34091031248636,429.6034950933968,45.23903077243753,14.26074759084172,13,0 days 02:00:00
17,3,123.97987765878908,221.36410810520368,696,0.7,56,2019-11-01 18:00:00,2019-11-01 18:00:00,123.97987765878908,221.36410810520368,45.441278897626376,12.680182983720712,14,0 days 02:00:00
17,4,139.66362897660252,168.41007445061257,1981,0.7,57,2019-11-01 18:00:00,2019-11-01 18:00:00,139.66362897660252,168.41007445061257,45.560352931492645,12.278254834539755,15,0 days 02:00:00
17,5,135.05457116765388,98.87725324666296,1012,0.7,58,2019-11-01 18:00:00,2019-11-01 18:00:00,135.05457116765388,98.87725324666296,45.52536008478697,11.750491485743172,11,0 days 03:00:00
17,6,158.8157337060116,27.124198037732157,2809,0.7,59,2019-11-01 18:00:00,2019-11-01 18:00:00,158.8157337060116,27.124198037732157,45.705759366531545,11.20587626594104,8,0 days 08:00:00
17,9,179.1762440083586,197.9111895579558,1481,0.7,60,2019-11-01 18:00:00,2019-11-01 18:00:00,179.1762440083586,197.9111895579558,45.86034024735196,12.502172216758678,17,0 days 00:00:00
17,10,199.73895754478988,139.70009171322795,373,0.7,61,2019-11-01 18:00:00,2019-11-01 18:00:00,199.73895754478988,139.70009171322795,46.016456293724,12.060342252092813,12,0 days 03:00:00
17,12,363.0465599591707,76.20418589298437,8753,0.7,62,2019-11-01 18:00:00,2019-11-01 18:00:00,363.0465599591707,76.20418589298437,47.256318784939474,11.57839989292588,16,0 days 02:00:00
18,2,113.3235702655421,431.8088759897883,2202,0.7,63,2019-11-01 19:00:00,2019-11-01 19:00:00,113.3235702655421,431.8088759897883,45.360374177721035,14.277486724780179,13,0 days 03:00:00
18,4,126.64046316145968,221.625206790082,673,0.7,64,2019-11-01 19:00:00,2019-11-01 19:00:00,126.64046316145968,221.625206790082,45.46147857064015,12.682164757419976,14,0 days 03:00:00
18,5,132.74071901735684,157.57478306254856,978,0.7,65,2019-11-01 19:00:00,2019-11-01 19:00:00,132.74071901735684,157.57478306254856,45.50779287757212,12.196013533681583,15,0 days 03:00:00
18,6,135.57674278869155,102.27170126787703,1055,0.7,66,2019-11-01 19:00:00,2019-11-01 19:00:00,135.57674278869155,102.27170126787703,45.52932451141089,11.776255797099635,11,0 days 04:00:00
18,9,163.7670260914187,26.873510565723404,2879,0.7,67,2019-11-01 19:00:00,2019-11-01 19:00:00,163.7670260914187,26.873510565723404,45.74335052347064,11.203973514730347,8,0 days 09:00:00
18,11,143.8353841437119,356.1876754078349,371,0.7,68,2019-11-01 19:00:00,2019-11-01 19:00:00,143.8353841437119,356.1876754078349,45.59202569306506,13.703511767801405,18,0 days 00:00:00
18,19,337.2050778168169,117.7256331791057,18705,0.7,69,2019-11-01 19:00:00,2019-11-01 19:00:00,337.2050778168169,117.7256331791057,47.06012531965045,11.893553193010291,16,0 days 03:00:00
19,4,111.3040147996843,432.28214795105913,2263,0.7,70,2019-11-01 20:00:00,2019-11-01 20:00:00,111.3040147996843,432.28214795105913,45.34504132711257,14.281078921829671,13,0 days 04:00:00
19,6,126.21082937326814,221.40582239926206,838,0.7,71,2019-11-01 20:00:00,2019-11-01 20:00:00,126.21082937326814,221.40582239926206,45.45821670890767,12.680499600753413,14,0 days 04:00:00
19,7,137.11125123021102,159.95005529883343,1438,0.7,72,2019-11-01 20:00:00,2019-11-01 20:00:00,137.11125123021102,159.95005529883343,45.54097479242026,12.214042165456041,15,0 days 04:00:00
19,8,135.63913213660666,101.394906983358,1257,0.7,73,2019-11-01 20:00:00,2019-11-01 20:00:00,135.63913213660666,101.394906983358,45.529798183249724,11.769600812017897,11,0 days 05:00:00
19,11,139.5384886274406,350.14434289097875,579,0.7,74,2019-11-01 20:00:00,2019-11-01 20:00:00,139.5384886274406,350.14434289097875,45.559402842073844,13.657642071278776,18,0 days 01:00:00
19,12,161.844127561851,28.588173399861557,3053,0.7,75,2019-11-01 20:00:00,2019-11-01 20:00:00,161.844127561851,28.588173399861557,45.72875151077328,11.216988033395534,8,0 days 10:00:00
19,16,208.7097389423871,143.7654984519377,496,0.7,76,2019-11-01 20:00:00,2019-11-01 20:00:00,208.7097389423871,143.7654984519377,46.084564178521376,12.091199229236718,17,0 days 02:00:00
19,17,218.9344345843286,103.47752718844984,575,0.7,77,2019-11-01 20:00:00,2019-11-01 20:00:00,218.9344345843286,103.47752718844984,46.16219201962072,11.785408176003415,12,0 days 05:00:00
19,18,240.58253677034403,63.923798412324004,363,0.7,78,2019-11-01 20:00:00,2019-11-01 20:00:00,240.58253677034403,63.923798412324004,46.32654854380956,11.485190120776654,19,0 days 00:00:00
19,19,327.76778589024946,164.16842361237144,20518,0.7,79,2019-11-01 20:00:00,2019-11-01 20:00:00,327.76778589024946,164.16842361237144,46.98847559786523,12.24606014127037,16,0 days 04:00:00
19,22,389.3286250586386,5.100718587396802,374,0.7,80,2019-11-01 20:00:00,2019-11-01 20:00:00,389.3286250586386,5.100718587396802,47.45585724014151,11.038715131593143,20,0 days 00:00:00
19,23,413.4259539698519,345.15572976927683,402,0.7,81,2019-11-01 20:00:00,2019-11-01 20:00:00,413.4259539698519,345.15572976927683,47.638808761159396,13.619777835060924,21,0 days 00:00:00
20,2,107.26077691571994,436.33839676720544,2318,0.7,82,2019-11-01 21:00:00,2019-11-01 21:00:00,107.26077691571994,436.33839676720544,45.314344293286375,14.311866389124898,13,0 days 05:00:00
20,4,125.9293275357998,221.30642916255763,885,0.7,83,2019-11-01 21:00:00,2019-11-01 21:00:00,125.9293275357998,221.30642916255763,45.45607949322191,12.679745192884688,14,0 days 05:00:00
20,5,136.0767625378317,136.92140034479556,3240,0.7,84,2019-11-01 21:00:00,2019-11-01 21:00:00,136.0767625378317,136.92140034479556,45.533120756794816,12.039251615520268,15,0 days 05:00:00
20,10,162.09138566573122,28.53653874698571,3278,0.7,85,2019-11-01 21:00:00,2019-11-01 21:00:00,162.09138566573122,28.53653874698571,45.73062874149688,11.216596119521714,8,0 days 11:00:00
20,11,143.675450760769,355.6280967032817,308,0.7,86,2019-11-01 21:00:00,2019-11-01 21:00:00,143.675450760769,355.6280967032817,45.59081144829217,13.699264491106504,18,0 days 02:00:00
20,15,200.22090792875676,151.67518950544203,1037,0.7,87,2019-11-01 21:00:00,2019-11-01 21:00:00,200.22090792875676,151.67518950544203,46.02011535303828,12.151234834955916,17,0 days 03:00:00
20,17,228.46515137611092,87.11889654208423,1302,0.7,88,2019-11-01 21:00:00,2019-11-01 21:00:00,228.46515137611092,87.11889654208423,46.234551040816456,11.661243996524357,12,0 days 06:00:00
20,18,319.3958335496723,161.34119227045846,25873,0.7,89,2019-11-01 21:00:00,2019-11-01 21:00:00,319.3958335496723,161.34119227045846,46.92491413757885,12.224601079851677,16,0 days 05:00:00
20,20,401.8944004958988,410.8646375924802,14498,0.7,90,2019-11-01 21:00:00,2019-11-01 21:00:00,401.8944004958988,410.8646375924802,47.551259005934156,14.118517173377459,21,0 days 01:00:00
21,1,109.51602825663652,444.4639703301402,2862,0.7,91,2019-11-01 22:00:00,2019-11-01 22:00:00,109.51602825663652,444.4639703301402,45.33146659197013,14.37354057176577,13,0 days 06:00:00
21,2,121.79664919668193,349.9511946614145,1939,0.7,92,2019-11-01 22:00:00,2019-11-01 22:00:00,121.79664919668193,349.9511946614145,45.424703410386954,13.656176050561019,18,0 days 03:00:00
21,3,127.56397029425686,222.44382305146542,824,0.7,93,2019-11-01 22:00:00,2019-11-01 22:00:00,127.56397029425686,222.44382305146542,45.46849001308004,12.688378163578484,14,0 days 06:00:00
21,4,159.4979152913114,159.30218465389896,6751,0.7,94,2019-11-01 22:00:00,2019-11-01 22:00:00,159.4979152913114,159.30218465389896,45.71093861934835,12.209124741206065,17,0 days 04:00:00
21,5,130.6021291778792,301.57437914119475,325,0.7,95,2019-11-01 22:00:00,2019-11-01 22:00:00,130.6021291778792,301.57437914119475,45.49155629527674,13.288989594999581,22,0 days 00:00:00
21,6,140.76357737861576,266.3675015292998,540,0.7,96,2019-11-01 22:00:00,2019-11-01 22:00:00,140.76357737861576,266.3675015292998,45.56870394972919,13.021764717489942,23,0 days 00:00:00
21,7,166.50593444611945,28.481850934916817,4096,0.7,97,2019-11-01 22:00:00,2019-11-01 22:00:00,166.50593444611945,28.481850934916817,45.764144838528026,11.216181031764076,8,0 days 12:00:00
21,8,223.82730280296622,86.92915446180038,1768,0.7,98,2019-11-01 22:00:00,2019-11-01 22:00:00,223.82730280296622,86.92915446180038,46.19933960913315,11.65980382893207,12,0 days 07:00:00
21,9,341.0119954745931,261.02105440415085,77948,0.7,99,2019-11-01 22:00:00,2019-11-01 22:00:00,341.0119954745931,261.02105440415085,47.08902816520841,12.981184473655793,24,0 days 00:00:00
21,10,223.28213327070654,465.41952266523657,1580,0.7,100,2019-11-01 22:00:00,2019-11-01 22:00:00,223.28213327070654,465.41952266523657,46.19520057797716,14.532595997459099,25,0 days 00:00:00
22,1,104.38520538252286,436.64063348804723,1108,0.7,101,2019-11-01 23:00:00,2019-11-01 23:00:00,104.38520538252286,436.64063348804723,45.2925124052903,14.314160405981383,13,0 days 07:00:00
22,2,123.58634041220478,349.3596041443995,1617,0.7,102,2019-11-01 23:00:00,2019-11-01 23:00:00,123.58634041220478,349.3596041443995,45.43829108772823,13.651685799957491,18,0 days 04:00:00
22,3,125.08445144943231,219.96432104990114,956,0.7,103,2019-11-01 23:00:00,2019-11-01 23:00:00,125.08445144943231,219.96432104990114,45.44966503269634,12.669558414040996,14,0 days 07:00:00
22,4,136.4261791029473,139.31704907581747,3769,0.7,104,2019-11-01 23:00:00,2019-11-01 23:00:00,136.4261791029473,139.31704907581747,45.53577359405708,12.057434907596337,17,0 days 05:00:00
22,5,127.44789304609601,468.30007202428123,352,0.7,105,2019-11-01 23:00:00,2019-11-01 23:00:00,127.44789304609601,468.30007202428123,45.46760873245409,14.554459749709913,25,0 days 01:00:00
22,7,162.42282139205653,28.60028769959203,3357,0.7,106,2019-11-01 23:00:00,2019-11-01 23:00:00,162.42282139205653,28.60028769959203,45.73314506479869,11.217079982539598,8,0 days 13:00:00
22,8,141.3162852919808,266.39997917009663,452,0.7,107,2019-11-01 23:00:00,2019-11-01 23:00:00,141.3162852919808,266.39997917009663,45.57290021371352,13.022011227097506,22,0 days 01:00:00
22,9,177.32239929979636,213.04036961417003,789,0.7,108,2019-11-01 23:00:00,2019-11-01 23:00:00,177.32239929979636,213.04036961417003,45.84626550444531,12.617004702953853,23,0 days 01:00:00
22,10,187.8784270910428,167.6545036343749,380,0.7,109,2019-11-01 23:00:00,2019-11-01 23:00:00,187.8784270910428,167.6545036343749,45.92640888246996,12.27251995168406,26,0 days 00:00:00
22,11,211.89192030607572,144.3506611351339,527,0.7,110,2019-11-01 23:00:00,2019-11-01 23:00:00,211.89192030607572,144.3506611351339,46.1087239068791,12.095640691727773,16,0 days 07:00:00
22,12,328.00502415284024,294.1487707562216,81234,0.7,111,2019-11-01 23:00:00,2019-11-01 23:00:00,328.00502415284024,294.1487707562216,46.990276756041084,13.23262824103394,24,0 days 01:00:00
22,13,218.40730118733947,103.79316425470506,512,0.7,112,2019-11-01 23:00:00,2019-11-01 23:00:00,218.40730118733947,103.79316425470506,46.15818992224661,11.78780390326152,12,0 days 08:00:00
23,1,113.25428112139979,446.1892870806761,1972,0.7,113,2019-11-02 00:00:00,2019-11-02 00:00:00,113.25428112139979,446.1892870806761,45.35984812131215,14.386635955071545,13,0 days 08:00:00
23,2,103.90061502039222,343.98122694251055,335,0.7,114,2019-11-02 00:00:00,2019-11-02 00:00:00,103.90061502039222,343.98122694251055,45.28883330275786,13.6108632025997,27,0 days 00:00:00
23,3,134.8514396075503,136.29376383543942,3656,0.7,115,2019-11-02 00:00:00,2019-11-02 00:00:00,134.8514396075503,136.29376383543942,45.523817871206994,12.034487771046978,17,0 days 06:00:00
23,4,124.66266371790623,220.6259568323299,660,0.7,116,2019-11-02 00:00:00,2019-11-02 00:00:00,124.66266371790623,220.6259568323299,45.4464627397238,12.674580317512941,14,0 days 08:00:00
23,5,138.52069710842196,350.8537739646254,831,0.7,117,2019-11-02 00:00:00,2019-11-02 00:00:00,138.52069710842196,350.8537739646254,45.55167557457587,13.663026747359586,18,0 days 05:00:00
23,8,155.92336105178742,32.510764818779705,2745,0.7,118,2019-11-02 00:00:00,2019-11-02 00:00:00,155.92336105178742,32.510764818779705,45.68379992121748,11.246761023292446,8,0 days 14:00:00
23,11,176.79395781344596,214.65746055653915,727,0.7,119,2019-11-02 00:00:00,2019-11-02 00:00:00,176.79395781344596,214.65746055653915,45.84225347580708,12.629278638000297,22,0 days 02:00:00
23,12,189.1206737488367,166.05604148785537,351,0.7,120,2019-11-02 00:00:00,2019-11-02 00:00:00,189.1206737488367,166.05604148785537,45.935840256227614,12.260387411672527,16,0 days 08:00:00
23,14,211.61564434357038,144.1867585990934,584,0.7,121,2019-11-02 00:00:00,2019-11-02 00:00:00,211.61564434357038,144.1867585990934,46.10662636703362,12.09439664970849,23,0 days 02:00:00
23,15,216.74558132689688,104.6829632237979,518,0.7,122,2019-11-02 00:00:00,2019-11-02 00:00:00,216.74558132689688,104.6829632237979,46.14557382786147,11.79455759562655,26,0 days 01:00:00
23,16,345.38226291784594,285.58907733272383,95510,0.7,123,2019-11-02 00:00:00,2019-11-02 00:00:00,345.38226291784594,285.58907733272383,47.122208069875185,13.167659030988418,24,0 days 02:00:00
24,2,115.30882028865345,455.0272760201868,1306,0.7,124,2019-11-02 01:00:00,2019-11-02 01:00:00,115.30882028865345,455.0272760201868,45.37544657485963,14.453717465048856,13,0 days 09:00:00
24,3,134.14860726695633,132.5947315705601,3413,0.7,125,2019-11-02 01:00:00,2019-11-02 01:00:00,134.14860726695633,132.5947315705601,45.51848183391399,12.006411624823986,17,0 days 07:00:00
24,4,123.69876357356124,220.30359014678663,469,0.7,126,2019-11-02 01:00:00,2019-11-02 01:00:00,123.69876357356124,220.30359014678663,45.43914462582964,12.672133511550562,14,0 days 09:00:00
24,6,156.20978526215987,32.75765659590334,2831,0.7,127,2019-11-02 01:00:00,2019-11-02 01:00:00,156.20978526215987,32.75765659590334,45.685974508497964,11.248634964674787,8,0 days 15:00:00
24,7,139.63667060226274,350.7553182318744,652,0.7,128,2019-11-02 01:00:00,2019-11-02 01:00:00,139.63667060226274,350.7553182318744,45.560148258368585,13.662279455270394,18,0 days 06:00:00
24,10,177.6795413089823,216.17575621523935,732,0.7,129,2019-11-02 01:00:00,2019-11-02 01:00:00,177.6795413089823,216.17575621523935,45.84897699475366,12.64080270372098,16,0 days 09:00:00
24,12,196.85642834318617,8.343935636570865,399,0.7,130,2019-11-02 01:00:00,2019-11-02 01:00:00,196.85642834318617,8.343935636570865,45.99457158178124,11.063331579784219,12,0 days 10:00:00
24,14,211.1404170504824,143.29984042867832,616,0.7,131,2019-11-02 01:00:00,2019-11-02 01:00:00,211.1404170504824,143.29984042867832,46.10301835070865,12.087664822988073,22,0 days 03:00:00
24,15,217.9755043949994,104.28735078988456,852,0.7,132,2019-11-02 01:00:00,2019-11-02 01:00:00,217.9755043949994,104.28735078988456,46.15491163857375,11.791554844705008,23,0 days 03:00:00
24,16,350.33022182924077,271.3986460161163,102583,0.7,133,2019-11-02 01:00:00,2019-11-02 01:00:00,350.33022182924077,271.3986460161163,47.15977391844326,13.05995177241834,24,0 days 03:00:00
24,17,241.4303919730975,66.28448052998353,338,0.7,134,2019-11-02 01:00:00,2019-11-02 01:00:00,241.4303919730975,66.28448052998353,46.332985622355395,11.503108011612778,26,0 days 02:00:00
25,1,104.83436634634894,444.4691555605394,335,0.7,135,2019-11-02 02:00:00,2019-11-02 02:00:00,104.83436634634894,444.4691555605394,45.29592252106772,14.37357992835324,13,0 days 10:00:00
25,2,132.8390068959594,128.02559594038934,3135,0.7,136,2019-11-02 02:00:00,2019-11-02 02:00:00,132.8390068959594,128.02559594038934,45.50853909790859,11.971731278484928,17,0 days 08:00:00
25,3,123.92237798476854,220.3599267229159,314,0.7,137,2019-11-02 02:00:00,2019-11-02 02:00:00,123.92237798476854,220.3599267229159,45.440842349125134,12.67256111364642,14,0 days 10:00:00
25,5,160.13834775556586,29.722124164554856,3123,0.7,138,2019-11-02 02:00:00,2019-11-02 02:00:00,160.13834775556586,29.722124164554856,45.71580090486872,11.225594870319203,8,0 days 16:00:00
25,6,139.21785299869342,348.1132788033697,388,0.7,139,2019-11-02 02:00:00,2019-11-02 02:00:00,139.21785299869342,348.1132788033697,45.55696851517446,13.642226025073015,18,0 days 07:00:00
25,9,178.092950792564,215.87749621884632,695,0.7,140,2019-11-02 02:00:00,2019-11-02 02:00:00,178.092950792564,215.87749621884632,45.85211567846849,12.63853887073128,16,0 days 10:00:00
25,10,188.3796091545682,165.8104712075204,326,0.7,141,2019-11-02 02:00:00,2019-11-02 02:00:00,188.3796091545682,165.8104712075204,45.93021395236658,12.25852350062634,28,0 days 00:00:00
25,11,209.55740633131055,142.75318572508345,672,0.7,142,2019-11-02 02:00:00,2019-11-02 02:00:00,209.55740633131055,142.75318572508345,46.09099983114878,12.083515641177103,22,0 days 04:00:00
25,12,216.9750646922286,103.80350143930269,968,0.7,143,2019-11-02 02:00:00,2019-11-02 02:00:00,216.9750646922286,103.80350143930269,46.14731610937701,11.787882363865673,23,0 days 04:00:00
25,14,350.81871808796114,265.8421887770224,100377,0.7,144,2019-11-02 02:00:00,2019-11-02 02:00:00,350.81871808796114,265.8421887770224,47.16348267528821,13.01777752392427,24,0 days 04:00:00
26,2,133.2309447838374,129.02656438925683,3238,0.7,145,2019-11-02 03:00:00,2019-11-02 03:00:00,133.2309447838374,129.02656438925683,45.51151476517013,11.979328761967793,17,0 days 09:00:00
26,3,126.63937883563504,222.92689249272388,349,0.7,146,2019-11-02 03:00:00,2019-11-02 03:00:00,126.63937883563504,222.92689249272388,45.46147033823151,12.692044724802457,14,0 days 11:00:00
26,4,155.08186899933227,33.48284876379721,2565,0.7,147,2019-11-02 03:00:00,2019-11-02 03:00:00,155.08186899933227,33.48284876379721,45.67741115292335,11.25413926955444,8,0 days 17:00:00
26,7,178.27451293748751,215.6545064456328,634,0.7,148,2019-11-02 03:00:00,2019-11-02 03:00:00,178.27451293748751,215.6545064456328,45.85349413293103,12.636846348733455,16,0 days 11:00:00
26,9,209.75742482214298,142.33961328516398,594,0.7,149,2019-11-02 03:00:00,2019-11-02 03:00:00,209.75742482214298,142.33961328516398,46.092518409712575,12.080376571424395,22,0 days 05:00:00
26,10,213.9983583757003,102.61918627867709,875,0.7,150,2019-11-02 03:00:00,2019-11-02 03:00:00,213.9983583757003,102.61918627867709,46.12471638680033,11.778893254487112,23,0 days 05:00:00
26,11,344.44907546522245,315.5184101369082,80924,0.7,151,2019-11-02 03:00:00,2019-11-02 03:00:00,344.44907546522245,315.5184101369082,47.1151231325993,13.394826642405375,24,0 days 05:00:00
26,13,337.101885995781,44.368702858304786,4214,0.7,152,2019-11-02 03:00:00,2019-11-02 03:00:00,337.101885995781,44.368702858304786,47.05934186764693,11.336764348070623,26,0 days 04:00:00
27,1,133.03772199157407,127.25605178005407,2426,0.7,153,2019-11-02 04:00:00,2019-11-02 04:00:00,133.03772199157407,127.25605178005407,45.51004778084709,11.965890336091492,17,0 days 10:00:00
27,2,127.94881640779124,224.0220070875493,349,0.7,154,2019-11-02 04:00:00,2019-11-02 04:00:00,127.94881640779124,224.0220070875493,45.471411838237024,12.700356790038326,14,0 days 12:00:00
27,3,149.6393085485636,14.053106185406106,1050,0.7,155,2019-11-02 04:00:00,2019-11-02 04:00:00,149.6393085485636,14.053106185406106,45.63609019505417,11.106664942583729,8,0 days 18:00:00
27,5,172.58430350770905,46.572527113304034,592,0.7,156,2019-11-02 04:00:00,2019-11-02 04:00:00,172.58430350770905,46.572527113304034,45.81029297673965,11.35349166689415,23,0 days 06:00:00
27,7,338.39436524147806,309.42361265460084,89681,0.7,157,2019-11-02 04:00:00,2019-11-02 04:00:00,338.39436524147806,309.42361265460084,47.069154616800816,13.34856631995902,24,0 days 06:00:00
27,9,214.85358927073761,104.29843392574419,502,0.7,158,2019-11-02 04:00:00,2019-11-02 04:00:00,214.85358927073761,104.29843392574419,46.13120946300994,11.791638967178322,22,0 days 06:00:00
28,1,134.08674222393373,121.45618814886797,2197,0.7,159,2019-11-02 05:00:00,2019-11-02 05:00:00,134.08674222393373,121.45618814886797,45.51801214269798,11.92186860075042,17,0 days 11:00:00
28,3,156.89426044929834,30.257642844246103,2022,0.7,160,2019-11-02 05:00:00,2019-11-02 05:00:00,156.89426044929834,30.257642844246103,45.69117117477775,11.229659528229572,8,0 days 19:00:00
28,5,324.1081493877445,322.0044941202681,76109,0.7,161,2019-11-02 05:00:00,2019-11-02 05:00:00,324.1081493877445,322.0044941202681,46.96069093895251,13.444056881368258,24,0 days 07:00:00
28,6,216.55040587421942,102.88031302158275,628,0.7,162,2019-11-02 05:00:00,2019-11-02 05:00:00,216.55040587421942,102.88031302158275,46.144092018567825,11.780875241150532,22,0 days 07:00:00
28,10,455.4903906606819,128.9921231056667,617,0.7,163,2019-11-02 05:00:00,2019-11-02 05:00:00,455.4903906606819,128.9921231056667,47.958169994170035,11.979067348050599,29,0 days 00:00:00
29,1,135.53143353687463,134.2911167315354,3810,0.7,164,2019-11-02 06:00:00,2019-11-02 06:00:00,135.53143353687463,134.2911167315354,45.52898051492205,12.01928741352209,17,0 days 12:00:00
29,2,126.67483323071099,223.61249263901118,465,0.7,165,2019-11-02 06:00:00,2019-11-02 06:00:00,126.67483323071099,223.61249263901118,45.46173951476679,12.697248520979212,14,0 days 14:00:00
29,3,137.46493783116148,474.31599770793383,569,0.7,166,2019-11-02 06:00:00,2019-11-02 06:00:00,137.46493783116148,474.31599770793383,45.54366004860969,14.600121424728151,30,0 days 00:00:00
29,4,299.22778772150474,252.80549562846892,102398,0.7,167,2019-11-02 06:00:00,2019-11-02 06:00:00,299.22778772150474,252.80549562846892,46.771794483785825,12.918827291297676,24,0 days 08:00:00
29,6,141.01269934879465,356.30252228101705,508,0.7,168,2019-11-02 06:00:00,2019-11-02 06:00:00,141.01269934879465,356.30252228101705,45.57059533128152,13.70438347082366,31,0 days 00:00:00
29,7,181.79962650995967,197.10483571278309,1384,0.7,169,2019-11-02 06:00:00,2019-11-02 06:00:00,181.79962650995967,197.10483571278309,45.88025746807996,12.496051883967995,32,0 days 00:00:00
29,8,436.11843083983973,519.6590425918097,492,0.7,170,2019-11-02 06:00:00,2019-11-02 06:00:00,436.11843083983973,519.6590425918097,47.811094377308976,14.944281158192105,33,0 days 00:00:00
30,1,134.9492006188137,124.58178984591898,2013,0.7,171,2019-11-02 07:00:00,2019-11-02 07:00:00,134.9492006188137,124.58178984591898,45.52456009146605,11.945592332796348,17,0 days 13:00:00
30,3,156.65241757458213,32.13286087847059,2091,0.7,172,2019-11-02 07:00:00,2019-11-02 07:00:00,156.65241757458213,32.13286087847059,45.68933505750767,11.24389268218953,8,0 days 21:00:00
30,4,206.44219586496368,141.05161513575328,529,0.7,173,2019-11-02 07:00:00,2019-11-02 07:00:00,206.44219586496368,141.05161513575328,46.0673485586277,12.07060049438902,32,0 days 01:00:00
30,5,209.23457671528703,15.284098614387563,927,0.7,174,2019-11-02 07:00:00,2019-11-02 07:00:00,209.23457671528703,15.284098614387563,46.08854884707918,11.116008338629127,34,0 days 00:00:00
30,6,273.57450073453566,257.4462094977681,34464,0.7,175,2019-11-02 07:00:00,2019-11-02 07:00:00,273.57450073453566,257.4462094977681,46.57702983204094,12.954050925979265,24,0 days 09:00:00
30,7,212.89143622355482,105.57772712592757,833,0.7,176,2019-11-02 07:00:00,2019-11-02 07:00:00,212.89143622355482,105.57772712592757,46.11631242252156,11.801348972492809,22,0 days 09:00:00
30,8,242.8029646693561,66.1438912628632,665,0.7,177,2019-11-02 07:00:00,2019-11-02 07:00:00,242.8029646693561,66.1438912628632,46.343406456274934,11.502040920401237,35,0 days 00:00:00
30,9,329.4533740377313,287.26384830081776,1810,0.7,178,2019-11-02 07:00:00,2019-11-02 07:00:00,329.4533740377313,287.26384830081776,47.00127290484178,13.180370765091595,36,0 days 00:00:00
30,10,404.2722559707401,457.55509534513186,13979,0.7,179,2019-11-02 07:00:00,2019-11-02 07:00:00,404.2722559707401,457.55509534513186,47.569312138606485,14.472903949488666,33,0 days 01:00:00
30,11,433.4659070372319,217.40267993238913,965,0.7,180,2019-11-02 07:00:00,2019-11-02 07:00:00,433.4659070372319,217.40267993238913,47.790955910260976,12.650115217703142,37,0 days 00:00:00
31,1,127.7548604172081,224.262714925085,328,0.7,181,2019-11-02 08:00:00,2019-11-02 08:00:00,127.7548604172081,224.262714925085,45.46993928733239,12.702183794497799,14,0 days 16:00:00
31,2,136.05042172590316,123.3195285938031,1887,0.7,182,2019-11-02 08:00:00,2019-11-02 08:00:00,136.05042172590316,123.3195285938031,45.53292077232248,11.936011602230005,17,0 days 14:00:00
31,3,180.78432460965936,29.48061969923903,3728,0.7,183,2019-11-02 08:00:00,2019-11-02 08:00:00,180.78432460965936,29.48061969923903,45.87254910224254,11.223761819349065,8,0 days 22:00:00
31,4,290.3357256350271,244.1590483376507,48197,0.7,184,2019-11-02 08:00:00,2019-11-02 08:00:00,290.3357256350271,244.1590483376507,46.70428425102515,12.853199607875908,24,0 days 10:00:00
31,5,211.22399690237728,143.1009588516032,468,0.7,185,2019-11-02 08:00:00,2019-11-02 08:00:00,211.22399690237728,143.1009588516032,46.103652904898745,12.086155285401164,32,0 days 02:00:00
31,6,229.85160985455607,85.55984560794765,1590,0.7,186,2019-11-02 08:00:00,2019-11-02 08:00:00,229.85160985455607,85.55984560794765,46.245077298245,11.649410592849698,22,0 days 10:00:00
31,7,406.459646847121,458.8507882275956,14881,0.7,187,2019-11-02 08:00:00,2019-11-02 08:00:00,406.459646847121,458.8507882275956,47.58591922768964,14.482738430569986,33,0 days 02:00:00
31,8,410.3859330150616,262.1299602070967,3646,0.7,188,2019-11-02 08:00:00,2019-11-02 08:00:00,410.3859330150616,262.1299602070967,47.61572834176293,12.989601215993144,37,0 days 01:00:00
32,2,100.3785889702626,358.9643367532645,622,0.7,189,2019-11-02 09:00:00,2019-11-02 09:00:00,100.3785889702626,358.9643367532645,45.26209340866794,13.72458699622971,38,0 days 00:00:00
32,3,123.40654560019912,457.5975287611426,2662,0.7,190,2019-11-02 09:00:00,2019-11-02 09:00:00,123.40654560019912,457.5975287611426,45.43692605119456,14.473226024752506,39,0 days 00:00:00
32,4,136.0002078445102,134.695310405952,4172,0.7,191,2019-11-02 09:00:00,2019-11-02 09:00:00,136.0002078445102,134.695310405952,45.53253953894965,12.022355297198876,17,0 days 15:00:00
32,5,125.57479781187548,222.58973374359883,624,0.7,192,2019-11-02 09:00:00,2019-11-02 09:00:00,125.57479781187548,222.58973374359883,45.45338783588192,12.689485645112706,14,0 days 17:00:00
32,6,276.80936689429154,264.87575905135867,81984,0.7,193,2019-11-02 09:00:00,2019-11-02 09:00:00,276.80936689429154,264.87575905135867,46.60158955342737,13.010442193938207,24,0 days 11:00:00
32,7,143.29393316664127,360.11924739700106,1739,0.7,194,2019-11-02 09:00:00,2019-11-02 09:00:00,143.29393316664127,360.11924739700106,45.587914893889895,13.733352921419364,40,0 days 00:00:00
32,10,181.2617829959005,214.0735562706415,1019,0.7,195,2019-11-02 09:00:00,2019-11-02 09:00:00,181.2617829959005,214.0735562706415,45.87617405745261,12.62484672691189,32,0 days 03:00:00
32,11,423.7137610634145,237.92289325193914,1370,0.7,196,2019-11-02 09:00:00,2019-11-02 09:00:00,423.7137610634145,237.92289325193914,47.71691575644674,12.805866362443561,36,0 days 02:00:00
33,2,139.39050593310176,114.1727482614946,1812,0.7,197,2019-11-02 10:00:00,2019-11-02 10:00:00,139.39050593310176,114.1727482614946,45.5582793292101,11.866586324565425,17,0 days 16:00:00
33,3,285.02140030535645,220.25368331473726,76633,0.7,198,2019-11-02 10:00:00,2019-11-02 10:00:00,285.02140030535645,220.25368331473726,46.66393687867408,12.671754712066317,24,0 days 12:00:00
33,4,141.590934230229,476.6947476988906,489,0.7,199,2019-11-02 10:00:00,2019-11-02 10:00:00,141.590934230229,476.6947476988906,45.574985400880266,14.618176453122512,39,0 days 01:00:00
33,8,184.5649016414549,194.9631356869762,1531,0.7,200,2019-11-02 10:00:00,2019-11-02 10:00:00,184.5649016414549,194.9631356869762,45.9012519647399,12.479796096295836,14,0 days 18:00:00
34,1,137.72653990093409,123.51175218680382,2995,0.7,201,2019-11-02 11:00:00,2019-11-02 11:00:00,137.72653990093409,123.51175218680382,45.545646181460455,11.937470604833425,17,0 days 17:00:00
34,2,128.36288606669834,222.22324669153048,480,0.7,202,2019-11-02 11:00:00,2019-11-02 11:00:00,128.36288606669834,222.22324669153048,45.474555534128946,12.68670395970801,41,0 days 00:00:00
34,3,139.62873521139065,352.2803645111509,854,0.7,203,2019-11-02 11:00:00,2019-11-02 11:00:00,139.62873521139065,352.2803645111509,45.560088011366304,13.673854759097917,38,0 days 02:00:00
34,4,188.8010896008249,52.48940023653424,7999,0.7,204,2019-11-02 11:00:00,2019-11-02 11:00:00,188.8010896008249,52.48940023653424,45.93341391237069,11.398401519821892,42,0 days 00:00:00
34,6,143.5822793668347,476.0522515247645,619,0.7,205,2019-11-02 11:00:00,2019-11-02 11:00:00,143.5822793668347,476.0522515247645,45.59010407328399,14.613299821819844,39,0 days 02:00:00
34,8,183.69687965222963,211.61071889545258,771,0.7,206,2019-11-02 11:00:00,2019-11-02 11:00:00,183.69687965222963,211.61071889545258,45.89466177610153,12.606153464102107,43,0 days 00:00:00
34,9,204.94963167440312,142.08999742707866,992,0.7,207,2019-11-02 11:00:00,2019-11-02 11:00:00,204.94963167440312,142.08999742707866,46.05601672637833,12.078481953905722,14,0 days 19:00:00
34,10,272.8866534667542,340.25221746931584,37243,0.7,208,2019-11-02 11:00:00,2019-11-02 11:00:00,272.8866534667542,340.25221746931584,46.57180756428121,13.5825595253838,44,0 days 00:00:00
34,11,242.2742186507571,62.39866424563646,835,0.7,209,2019-11-02 11:00:00,2019-11-02 11:00:00,242.2742186507571,62.39866424563646,46.33939211556974,11.473614149872004,45,0 days 00:00:00
34,12,276.8511410960313,65.644600222038,557,0.7,210,2019-11-02 11:00:00,2019-11-02 11:00:00,276.8511410960313,65.644600222038,46.60190671114123,11.498251235081883,32,0 days 05:00:00
34,14,355.49919678045717,41.62206908207491,5804,0.7,211,2019-11-02 11:00:00,2019-11-02 11:00:00,355.49919678045717,41.62206908207491,47.19901776297527,11.315917032881023,46,0 days 00:00:00
34,15,397.3347198365692,508.2784444403,3645,0.7,212,2019-11-02 11:00:00,2019-11-02 11:00:00,397.3347198365692,508.2784444403,47.51664103997395,14.85790090656774,47,0 days 00:00:00
35,1,135.82341418213244,130.52639836323291,3614,0.7,213,2019-11-02 12:00:00,2019-11-02 12:00:00,135.82341418213244,130.52639836323291,45.53119728771684,11.990712701049207,17,0 days 18:00:00
35,2,130.39529375756982,227.22591299728407,633,0.7,214,2019-11-02 12:00:00,2019-11-02 12:00:00,130.39529375756982,227.22591299728407,45.48998596128307,12.724674861459462,41,0 days 01:00:00
35,3,139.9689407853881,352.05845379822534,1242,0.7,215,2019-11-02 12:00:00,2019-11-02 12:00:00,139.9689407853881,352.05845379822534,45.56267091702572,13.672170427311007,38,0 days 03:00:00
35,4,141.17395281265834,475.5314073807248,802,0.7,216,2019-11-02 12:00:00,2019-11-02 12:00:00,141.17395281265834,475.5314073807248,45.57181959836075,14.609346545584248,39,0 days 03:00:00
35,6,140.6981293396738,264.01097949430147,488,0.7,217,2019-11-02 12:00:00,2019-11-02 12:00:00,140.6981293396738,264.01097949430147,45.56820705572421,13.003878402233788,48,0 days 00:00:00
35,7,175.120311750996,28.51312080286001,4760,0.7,218,2019-11-02 12:00:00,2019-11-02 12:00:00,175.120311750996,28.51312080286001,45.82954683541971,11.216418374215257,42,0 days 01:00:00
35,9,193.03644058008575,189.29112292416315,2101,0.7,219,2019-11-02 12:00:00,2019-11-02 12:00:00,193.03644058008575,189.29112292416315,45.965569505488716,12.436744766027802,49,0 days 00:00:00
35,10,210.20737932869176,100.61200082212275,1563,0.7,220,2019-11-02 12:00:00,2019-11-02 12:00:00,210.20737932869176,100.61200082212275,46.095934550217834,11.76365845026279,14,0 days 20:00:00
35,11,207.24730902458614,142.62617203814065,920,0.7,221,2019-11-02 12:00:00,2019-11-02 12:00:00,207.24730902458614,142.62617203814065,46.0734611314231,12.08255159042232,43,0 days 01:00:00
35,12,295.5895646550071,296.45625011752793,42578,0.7,222,2019-11-02 12:00:00,2019-11-02 12:00:00,295.5895646550071,296.45625011752793,46.74417239976687,13.250142315882563,44,0 days 01:00:00
35,14,280.929706253904,67.01647738151622,1051,0.7,223,2019-11-02 12:00:00,2019-11-02 12:00:00,280.929706253904,67.01647738151622,46.632871956374544,11.508663964945095,32,0 days 06:00:00
35,17,416.43174834466976,307.8849940844419,546,0.7,224,2019-11-02 12:00:00,2019-11-02 12:00:00,416.43174834466976,307.8849940844419,47.66162932582721,13.336888000640926,50,0 days 00:00:00
36,1,129.9078600886784,347.17059383798477,2770,0.7,225,2019-11-02 13:00:00,2019-11-02 13:00:00,129.9078600886784,347.17059383798477,45.486285271822936,13.63507092097142,38,0 days 04:00:00
36,2,136.82691985446144,135.12704061922682,4076,0.7,226,2019-11-02 13:00:00,2019-11-02 13:00:00,136.82691985446144,135.12704061922682,45.53881609433973,12.025632186863202,17,0 days 19:00:00
36,3,128.96652919814008,225.87970272628596,767,0.7,227,2019-11-02 13:00:00,2019-11-02 13:00:00,128.96652919814008,225.87970272628596,45.479138508011914,12.714456946689076,41,0 days 02:00:00
36,4,137.25889784237526,474.274025885523,750,0.7,228,2019-11-02 13:00:00,2019-11-02 13:00:00,137.25889784237526,474.274025885523,45.542095753683974,14.599802853021048,39,0 days 04:00:00
36,5,141.22601361393382,265.5906776504115,524,0.7,229,2019-11-02 13:00:00,2019-11-02 13:00:00,141.22601361393382,265.5906776504115,45.57221485390188,13.015868521065745,48,0 days 01:00:00
36,6,256.82740315563694,278.9797802686394,57119,0.7,230,2019-11-02 13:00:00,2019-11-02 13:00:00,256.82740315563694,278.9797802686394,46.44988267037902,13.117493588376767,44,0 days 02:00:00
36,7,277.1953593029868,51.87948073183847,1536,0.7,231,2019-11-02 13:00:00,2019-11-02 13:00:00,277.1953593029868,51.87948073183847,46.60452008147603,11.393772149767274,32,0 days 07:00:00
36,8,348.1199145872576,52.8705689465716,6160,0.7,232,2019-11-02 13:00:00,2019-11-02 13:00:00,348.1199145872576,52.8705689465716,47.14299284393797,11.401294640960696,46,0 days 02:00:00
36,9,389.9208276598681,358.30973828407633,1094,0.7,233,2019-11-02 13:00:00,2019-11-02 13:00:00,389.9208276598681,358.30973828407633,47.46035335533523,13.719618506900009,47,0 days 02:00:00
36,10,432.79053456415284,89.57188349056945,772,0.7,234,2019-11-02 13:00:00,2019-11-02 13:00:00,432.79053456415284,89.57188349056945,47.78582835352393,11.679862493287054,51,0 days 00:00:00
37,1,117.91483881666613,374.0933545177738,3609,0.7,235,2019-11-02 14:00:00,2019-11-02 14:00:00,117.91483881666613,374.0933545177738,45.39523196498554,13.839418250609288,38,0 days 05:00:00
37,2,136.28551502374833,135.74933823875963,4087,0.7,236,2019-11-02 14:00:00,2019-11-02 14:00:00,136.28551502374833,135.74933823875963,45.53470564551653,12.030355508453583,17,0 days 20:00:00
37,3,128.70519050583184,225.25103648673374,722,0.7,237,2019-11-02 14:00:00,2019-11-02 14:00:00,128.70519050583184,225.25103648673374,45.47715437477312,12.709685286426822,41,0 days 03:00:00
37,5,135.9110599360141,475.5999501621989,527,0.7,238,2019-11-02 14:00:00,2019-11-02 14:00:00,135.9110599360141,475.5999501621989,45.53186271101096,14.609866794399991,39,0 days 05:00:00
37,7,171.8350017615894,28.443064616715777,4269,0.7,239,2019-11-02 14:00:00,2019-11-02 14:00:00,171.8350017615894,28.443064616715777,45.80460413484938,11.215886638457047,42,0 days 03:00:00
37,10,258.6865983037088,326.78245260058213,46426,0.7,240,2019-11-02 14:00:00,2019-11-02 14:00:00,258.6865983037088,326.78245260058213,46.463998034843776,13.480322220877284,44,0 days 03:00:00
37,11,279.1704895911037,45.64368341485213,1045,0.7,241,2019-11-02 14:00:00,2019-11-02 14:00:00,279.1704895911037,45.64368341485213,46.6195156476548,11.346441619847075,32,0 days 08:00:00
37,12,371.59837185866644,70.63010548247456,9167,0.7,242,2019-11-02 14:00:00,2019-11-02 14:00:00,371.59837185866644,70.63010548247456,47.321245773330446,11.536091882219921,46,0 days 03:00:00
37,13,358.60333390371346,416.6247078246698,452,0.7,243,2019-11-02 14:00:00,2019-11-02 14:00:00,358.60333390371346,416.6247078246698,47.22258496456182,14.162236871534496,47,0 days 03:00:00
38,2,120.61097196994241,449.651749656752,2426,0.7,244,2019-11-02 15:00:00,2019-11-02 15:00:00,120.61097196994241,449.651749656752,45.415701522548375,14.412916505933602,39,0 days 06:00:00
38,3,127.23295858692876,353.98694230970557,2405,0.7,245,2019-11-02 15:00:00,2019-11-02 15:00:00,127.23295858692876,353.98694230970557,45.46597690901139,13.686807911269112,38,0 days 06:00:00
38,4,135.60169844878328,136.2469622563247,3900,0.7,246,2019-11-02 15:00:00,2019-11-02 15:00:00,135.60169844878328,136.2469622563247,45.52951397954608,12.034132540844968,17,0 days 21:00:00
38,5,127.141484915882,224.0319743744565,638,0.7,247,2019-11-02 15:00:00,2019-11-02 15:00:00,127.141484915882,224.0319743744565,45.465282423439454,12.700432443069875,41,0 days 04:00:00
38,6,169.7095645317818,27.831501065983154,3965,0.7,248,2019-11-02 15:00:00,2019-11-02 15:00:00,169.7095645317818,27.831501065983154,45.7884674096773,11.211244789874636,42,0 days 04:00:00
38,9,260.6735943170788,299.73987346846025,49537,0.7,249,2019-11-02 15:00:00,2019-11-02 15:00:00,260.6735943170788,299.73987346846025,46.4790836878737,13.275065453271047,44,0 days 04:00:00
38,11,372.277525371547,94.54873454338181,14490,0.7,250,2019-11-02 15:00:00,2019-11-02 15:00:00,372.277525371547,94.54873454338181,47.32640203644341,11.71763745383971,46,0 days 04:00:00
38,12,455.7655454201392,72.80558675759997,993,0.7,251,2019-11-02 15:00:00,2019-11-02 15:00:00,455.7655454201392,72.80558675759997,47.96025902162796,11.552604074061481,51,0 days 02:00:00
39,1,128.60784614467943,448.9013491492455,5277,0.7,252,2019-11-02 16:00:00,2019-11-02 16:00:00,128.60784614467943,448.9013491492455,45.476415317801255,14.407220866407936,39,0 days 07:00:00
39,2,129.2035516891299,352.4974345499964,3646,0.7,253,2019-11-02 16:00:00,2019-11-02 16:00:00,129.2035516891299,352.4974345499964,45.48093802800858,13.675502349525589,38,0 days 07:00:00
39,3,219.43980927553042,255.94848376284443,42222,0.7,254,2019-11-02 16:00:00,2019-11-02 16:00:00,219.43980927553042,255.94848376284443,46.16602892074698,12.942682988712292,44,0 days 05:00:00
39,4,129.33580145784867,225.46932747848174,813,0.7,255,2019-11-02 16:00:00,2019-11-02 16:00:00,129.33580145784867,225.46932747848174,45.481942093497764,12.711342144049194,41,0 days 05:00:00
39,5,168.29259787515934,28.923076108941512,4192,0.7,256,2019-11-02 16:00:00,2019-11-02 16:00:00,168.29259787515934,28.923076108941512,45.77770952833635,11.219529989441682,42,0 days 05:00:00
39,6,278.42747895263966,50.15263293805123,1093,0.7,257,2019-11-02 16:00:00,2019-11-02 16:00:00,278.42747895263966,50.15263293805123,46.61387456905475,11.380665145639856,32,0 days 10:00:00
39,7,364.67674787617966,453.17536624277074,10881,0.7,258,2019-11-02 16:00:00,2019-11-02 16:00:00,364.67674787617966,453.17536624277074,47.26869548279095,14.439661223854046,47,0 days 05:00:00
39,8,346.37822654340766,114.48158121179624,14778,0.7,259,2019-11-02 16:00:00,2019-11-02 16:00:00,346.37822654340766,114.48158121179624,47.12976961583932,11.868930407679667,46,0 days 05:00:00
39,9,440.6264977839936,37.77596515615103,2921,0.7,260,2019-11-02 16:00:00,2019-11-02 16:00:00,440.6264977839936,37.77596515615103,47.84532048209106,11.286724593215569,51,0 days 03:00:00
40,1,118.83763075938843,450.30016513229367,4739,0.7,261,2019-11-02 17:00:00,2019-11-02 17:00:00,118.83763075938843,450.30016513229367,45.40223797756586,14.417838065520256,39,0 days 08:00:00
40,2,128.05511828141192,357.96076804286326,3424,0.7,262,2019-11-02 17:00:00,2019-11-02 17:00:00,128.05511828141192,357.96076804286326,45.472218902353454,13.71696977641642,38,0 days 08:00:00
40,3,279.74628631055725,237.73393709509645,80043,0.7,263,2019-11-02 17:00:00,2019-11-02 17:00:00,279.74628631055725,237.73393709509645,46.62388720626237,12.804432160114583,52,0 days 00:00:00
40,4,127.62559705156818,222.25757682462205,963,0.7,264,2019-11-02 17:00:00,2019-11-02 17:00:00,127.62559705156818,222.25757682462205,45.46895789518544,12.686964529978155,41,0 days 06:00:00
40,5,166.021764724956,29.551613016423055,4274,0.7,265,2019-11-02 17:00:00,2019-11-02 17:00:00,166.021764724956,29.551613016423055,45.7604689295821,11.22430066805634,42,0 days 06:00:00
40,7,141.6082492987674,265.7553090547498,644,0.7,266,2019-11-02 17:00:00,2019-11-02 17:00:00,141.6082492987674,265.7553090547498,45.57511686018587,13.017118095292219,44,0 days 06:00:00
40,10,446.19475184476283,294.4262851217244,5149,0.7,267,2019-11-02 17:00:00,2019-11-02 17:00:00,446.19475184476283,294.4262851217244,47.88759572984093,13.234734611929596,53,0 days 00:00:00
40,11,452.29657487364676,84.26299474417466,1435,0.7,268,2019-11-02 17:00:00,2019-11-02 17:00:00,452.29657487364676,84.26299474417466,47.93392193504938,11.639567322536427,51,0 days 04:00:00
41,1,122.19886951155385,410.95906789518074,9078,0.7,269,2019-11-02 18:00:00,2019-11-02 18:00:00,122.19886951155385,410.95906789518074,45.42775714379705,14.119233911917883,39,0 days 09:00:00
41,2,318.4140410831425,240.72274301608542,115167,0.7,270,2019-11-02 18:00:00,2019-11-02 18:00:00,318.4140410831425,240.72274301608542,46.91746018175922,12.827117594049986,46,0 days 07:00:00
41,3,164.69254264197554,29.676006848216133,4148,0.7,271,2019-11-02 18:00:00,2019-11-02 18:00:00,164.69254264197554,29.676006848216133,45.75037722179374,11.225244833762552,42,0 days 07:00:00
41,5,140.38773055202083,266.636369709534,582,0.7,272,2019-11-02 18:00:00,2019-11-02 18:00:00,140.38773055202083,266.636369709534,45.56585044887652,13.02380546269096,41,0 days 07:00:00
42,2,121.48287231892505,410.3949097605652,10243,0.7,273,2019-11-02 19:00:00,2019-11-02 19:00:00,121.48287231892505,410.3949097605652,45.42232115643435,14.114951876740532,39,0 days 10:00:00
42,3,321.8984625995967,244.1095314200865,126339,0.7,274,2019-11-02 19:00:00,2019-11-02 19:00:00,321.8984625995967,244.1095314200865,46.94391457505117,12.852823767894392,46,0 days 08:00:00
42,4,163.6195838901296,29.986478735205395,4032,0.7,275,2019-11-02 19:00:00,2019-11-02 19:00:00,163.6195838901296,29.986478735205395,45.742231114133304,11.22760135662395,42,0 days 08:00:00
42,6,217.81332893559554,458.4583587856089,2347,0.7,276,2019-11-02 19:00:00,2019-11-02 19:00:00,217.81332893559554,458.4583587856089,46.15368037152838,14.479759838979954,54,0 days 00:00:00
43,2,119.27777535652649,413.053682505705,9236,0.7,277,2019-11-02 20:00:00,2019-11-02 20:00:00,119.27777535652649,413.053682505705,45.40557963936625,14.135132315033813,39,0 days 11:00:00
43,3,310.23634839680875,253.96798776802444,125187,0.7,278,2019-11-02 20:00:00,2019-11-02 20:00:00,310.23634839680875,253.96798776802444,46.85537357784995,12.927650761047623,46,0 days 09:00:00
43,4,161.9417567349164,30.331233004448833,3840,0.7,279,2019-11-02 20:00:00,2019-11-02 20:00:00,161.9417567349164,30.331233004448833,45.72949273009156,11.230218087320296,42,0 days 09:00:00
43,6,144.13017116184912,268.5182168329544,673,0.7,280,2019-11-02 20:00:00,2019-11-02 20:00:00,144.13017116184912,268.5182168329544,45.59426377237846,13.038088932318441,41,0 days 09:00:00
44,2,112.04850716276648,430.2323470883282,6513,0.7,281,2019-11-02 21:00:00,2019-11-02 21:00:00,112.04850716276648,430.2323470883282,45.35069365524877,14.26552066101198,39,0 days 12:00:00
44,3,313.0274639066895,276.65075382535775,127143,0.7,282,2019-11-02 21:00:00,2019-11-02 21:00:00,313.0274639066895,276.65075382535775,46.876564259595256,13.099815968313909,46,0 days 10:00:00
44,4,142.55414181675584,360.7820994351084,1873,0.7,283,2019-11-02 21:00:00,2019-11-02 21:00:00,142.55414181675584,360.7820994351084,45.582298256743265,13.73838405643346,55,0 days 00:00:00
44,5,163.3280624588535,29.879576129599858,3865,0.7,284,2019-11-02 21:00:00,2019-11-02 21:00:00,163.3280624588535,29.879576129599858,45.740017827778715,11.226789951647817,42,0 days 10:00:00
44,6,131.2858705175234,305.3074162611557,346,0.7,285,2019-11-02 21:00:00,2019-11-02 21:00:00,131.2858705175234,305.3074162611557,45.496747390046266,13.317323842589417,56,0 days 00:00:00
44,7,143.25784193374932,267.9029921429681,620,0.7,286,2019-11-02 21:00:00,2019-11-02 21:00:00,143.25784193374932,267.9029921429681,45.587640882360354,13.033419295202796,41,0 days 10:00:00
45,2,283.015960763714,276.0448426613161,142486,0.7,287,2019-11-02 22:00:00,2019-11-02 22:00:00,283.015960763714,276.0448426613161,46.64871119885682,13.095217022097275,46,0 days 11:00:00
45,3,158.66746708559808,35.72298730616544,3488,0.7,288,2019-11-02 22:00:00,2019-11-02 22:00:00,158.66746708559808,35.72298730616544,45.70463369804684,11.271142218642623,42,0 days 11:00:00
46,2,121.07306407564298,403.8314769379916,10377,0.7,289,2019-11-02 23:00:00,2019-11-02 23:00:00,121.07306407564298,403.8314769379916,45.41920981402332,14.06513454981398,55,0 days 02:00:00
46,3,301.7100500625999,273.09685559953715,123402,0.7,290,2019-11-02 23:00:00,2019-11-02 23:00:00,301.7100500625999,273.09685559953715,46.790640293316926,13.07284140872514,46,0 days 12:00:00
46,4,159.11904699496094,35.52231127120995,3498,0.7,291,2019-11-02 23:00:00,2019-11-02 23:00:00,159.11904699496094,35.52231127120995,45.70806217892053,11.269619060882048,42,0 days 12:00:00
46,5,147.01030149179778,517.1267159628402,868,0.7,292,2019-11-02 23:00:00,2019-11-02 23:00:00,147.01030149179778,517.1267159628402,45.61613027162971,14.925060462716054,57,0 days 00:00:00
46,6,211.47890477398897,16.58450352387823,1077,0.7,293,2019-11-02 23:00:00,2019-11-02 23:00:00,211.47890477398897,16.58450352387823,46.10558821411922,11.125878584621468,58,0 days 00:00:00
47,1,113.00206037268043,452.65751030671646,5380,0.7,294,2019-11-03 00:00:00,2019-11-03 00:00:00,113.00206037268043,452.65751030671646,45.35793321324161,14.435730628513976,59,0 days 00:00:00
47,2,99.84911724875971,364.13397631773176,982,0.7,295,2019-11-03 00:00:00,2019-11-03 00:00:00,99.84911724875971,364.13397631773176,45.25807355828776,13.76382524719341,60,0 days 00:00:00
47,3,302.03996118310243,280.5759858772939,120276,0.7,296,2019-11-03 00:00:00,2019-11-03 00:00:00,302.03996118310243,280.5759858772939,46.7931450415203,13.129609000966179,46,0 days 13:00:00
47,4,140.46100845810952,347.2904590578877,2829,0.7,297,2019-11-03 00:00:00,2019-11-03 00:00:00,140.46100845810952,347.2904590578877,45.56640678872752,13.635980713911861,55,0 days 03:00:00
47,5,157.70652949076444,35.440470879533414,3402,0.7,298,2019-11-03 00:00:00,2019-11-03 00:00:00,157.70652949076444,35.440470879533414,45.69733807639408,11.268997881438583,42,0 days 13:00:00
47,6,143.6773623715494,515.3428020379713,1036,0.7,299,2019-11-03 00:00:00,2019-11-03 00:00:00,143.6773623715494,515.3428020379713,45.59082596160612,14.911520319073787,57,0 days 01:00:00
47,7,141.02824944562127,269.4678056827635,798,0.7,300,2019-11-03 00:00:00,2019-11-03 00:00:00,141.02824944562127,269.4678056827635,45.57071339058498,13.045296437819836,61,0 days 00:00:00
47,8,206.2068517588427,13.350119284775424,909,0.7,301,2019-11-03 00:00:00,2019-11-03 00:00:00,206.2068517588427,13.350119284775424,46.06556178124934,11.101329178632072,58,0 days 01:00:00
47,9,441.51884969968256,129.30441506258848,1802,0.7,302,2019-11-03 00:00:00,2019-11-03 00:00:00,441.51884969968256,129.30441506258848,47.852095388175464,11.981437685484543,62,0 days 00:00:00
48,1,112.06183859545447,453.02408654035986,4932,0.7,303,2019-11-03 01:00:00,2019-11-03 01:00:00,112.06183859545447,453.02408654035986,45.35079487003056,14.438512990818667,59,0 days 01:00:00
48,2,99.69482653744218,362.1856676731343,879,0.7,304,2019-11-03 01:00:00,2019-11-03 01:00:00,99.69482653744218,362.1856676731343,45.256902153754986,13.74903732579229,60,0 days 01:00:00
48,3,289.80893390192284,275.7408593212091,114961,0.7,305,2019-11-03 01:00:00,2019-11-03 01:00:00,289.80893390192284,275.7408593212091,46.70028474762848,13.09290974816857,46,0 days 14:00:00
48,4,140.40390618066147,347.13292045448145,2892,0.7,306,2019-11-03 01:00:00,2019-11-03 01:00:00,140.40390618066147,347.13292045448145,45.565973257336914,13.634784974986575,55,0 days 04:00:00
48,5,157.63454794738217,35.382420222538386,3278,0.7,307,2019-11-03 01:00:00,2019-11-03 01:00:00,157.63454794738217,35.382420222538386,45.696791578776214,11.268557269241278,42,0 days 14:00:00
48,6,144.79055779849895,516.6974705939452,950,0.7,308,2019-11-03 01:00:00,2019-11-03 01:00:00,144.79055779849895,516.6974705939452,45.5992775537847,14.921802433350628,57,0 days 02:00:00
48,7,208.59571376325658,13.892107074963223,1024,0.7,309,2019-11-03 01:00:00,2019-11-03 01:00:00,208.59571376325658,13.892107074963223,46.08369847759522,11.105442937950386,58,0 days 02:00:00
49,1,109.21174870255872,434.77696327818256,6107,0.7,310,2019-11-03 02:00:00,2019-11-03 02:00:00,109.21174870255872,434.77696327818256,45.329156443511835,14.30001490154218,59,0 days 02:00:00
49,2,281.31453891104604,284.403158880731,116525,0.7,311,2019-11-03 02:00:00,2019-11-03 02:00:00,281.31453891104604,284.403158880731,46.635793679368035,13.158657752415415,46,0 days 15:00:00
49,3,144.45236960759803,515.6982479657726,1065,0.7,312,2019-11-03 02:00:00,2019-11-03 02:00:00,144.45236960759803,515.6982479657726,45.59670996448285,14.91421820087873,57,0 days 03:00:00
49,4,158.67342448376732,35.22563245283592,3255,0.7,313,2019-11-03 02:00:00,2019-11-03 02:00:00,158.67342448376732,35.22563245283592,45.70467892775095,11.267367229243536,42,0 days 15:00:00
50,1,118.56051338865491,463.5852831266352,6463,0.7,314,2019-11-03 03:00:00,2019-11-03 03:00:00,118.56051338865491,463.5852831266352,45.40013404958849,14.518673875723985,59,0 days 03:00:00
50,2,99.8339523242411,360.2319555192322,749,0.7,315,2019-11-03 03:00:00,2019-11-03 03:00:00,99.8339523242411,360.2319555192322,45.257958423286,13.734208391037816,60,0 days 03:00:00
50,3,281.9436903224508,272.4116498332816,116643,0.7,316,2019-11-03 03:00:00,2019-11-03 03:00:00,281.9436903224508,272.4116498332816,46.64057031698174,13.067640605945211,46,0 days 16:00:00
50,4,159.16195030044545,35.72424466130914,3267,0.7,317,2019-11-03 03:00:00,2019-11-03 03:00:00,159.16195030044545,35.72424466130914,45.70838790900556,11.271151762135176,42,0 days 16:00:00
51,1,116.0189887678423,463.6247131338393,6413,0.7,318,2019-11-03 06:00:00,2019-11-03 06:00:00,116.0189887678423,463.6247131338393,45.38083830951724,14.518973154716045,59,0 days 06:00:00
51,2,99.6331150289216,359.8063389769489,701,0.7,319,2019-11-03 06:00:00,2019-11-03 06:00:00,99.6331150289216,359.8063389769489,45.25643362820223,13.730977904948379,60,0 days 06:00:00
51,3,248.464528106736,301.9772400020162,79846,0.7,320,2019-11-03 06:00:00,2019-11-03 06:00:00,248.464528106736,301.9772400020162,46.38639012662381,13.292047362444146,46,0 days 19:00:00
51,4,169.31705928054566,28.21570864018838,4114,0.7,321,2019-11-03 06:00:00,2019-11-03 06:00:00,169.31705928054566,28.21570864018838,45.785487434884836,11.214160976396116,42,0 days 19:00:00
52,2,64.50874134487208,519.9765762301979,325,0.7,322,2019-11-03 09:00:00,2019-11-03 09:00:00,64.50874134487208,519.9765762301979,44.989762678323316,14.946691280684615,59,0 days 09:00:00
52,3,71.53899389618294,6.383983988530567,410,0.7,323,2019-11-03 09:00:00,2019-11-03 09:00:00,71.53899389618294,6.383983988530567,45.04313769769336,11.048455286440458,63,0 days 00:00:00
52,4,221.99115816752808,318.70781118551,68450,0.7,324,2019-11-03 09:00:00,2019-11-03 09:00:00,221.99115816752808,318.70781118551,46.185399248560415,13.419034620003872,46,0 days 22:00:00
52,6,167.55231116595942,24.807065249930307,3283,0.7,325,2019-11-03 09:00:00,2019-11-03 09:00:00,167.55231116595942,24.807065249930307,45.772089130327245,11.188288920303076,42,0 days 22:00:00
52,7,135.88301258035426,98.78063981983497,671,0.7,326,2019-11-03 09:00:00,2019-11-03 09:00:00,135.88301258035426,98.78063981983497,45.531649770132844,11.749758177000645,64,0 days 00:00:00
53,1,52.08073715769187,7.329871830905046,406,0.7,327,2019-11-03 12:00:00,2019-11-03 12:00:00,52.08073715769187,7.329871830905046,44.89540689816035,11.055634700803832,63,0 days 03:00:00
53,2,200.3853267865582,287.66215568915226,43391,0.7,328,2019-11-03 12:00:00,2019-11-03 12:00:00,200.3853267865582,287.66215568915226,46.02136365239252,13.183393971075159,46,1 days 01:00:00
53,3,137.21788225645943,512.1552628798339,1318,0.7,329,2019-11-03 12:00:00,2019-11-03 12:00:00,137.21788225645943,512.1552628798339,45.54178435552627,14.887326473471225,65,0 days 00:00:00
53,4,133.3696810247117,164.03719927973629,1012,0.7,330,2019-11-03 12:00:00,2019-11-03 12:00:00,133.3696810247117,164.03719927973629,45.512568077194125,12.245064131155493,66,0 days 00:00:00
53,5,137.68163172745753,100.47964432173599,992,0.7,331,2019-11-03 12:00:00,2019-11-03 12:00:00,137.68163172745753,100.47964432173599,45.54530523003493,11.762653846844296,64,0 days 03:00:00
53,6,154.04473006282063,22.707081866663593,1897,0.7,332,2019-11-03 12:00:00,2019-11-03 12:00:00,154.04473006282063,22.707081866663593,45.669536996138554,11.172349767488909,42,1 days 01:00:00
53,8,205.08115677773952,10.93378283810006,591,0.7,333,2019-11-03 12:00:00,2019-11-03 12:00:00,205.08115677773952,10.93378283810006,46.05701529006961,11.082988864046301,67,0 days 00:00:00
53,9,333.0899579026893,464.11588208216773,6212,0.7,334,2019-11-03 12:00:00,2019-11-03 12:00:00,333.0899579026893,464.11588208216773,47.02888254372974,14.522701192274518,68,0 days 00:00:00
53,10,450.81459436237697,51.146102475539415,634,0.7,335,2019-11-03 12:00:00,2019-11-03 12:00:00,450.81459436237697,51.146102475539415,47.922670456113494,11.388205711389293,69,0 days 00:00:00
54,1,94.68095248269914,427.73966365982665,502,0.7,336,2019-11-03 15:00:00,2019-11-03 15:00:00,94.68095248269914,427.73966365982665,45.218835864836116,14.246600862693182,65,0 days 03:00:00
54,2,129.1494273921135,235.44707221320814,1320,0.7,337,2019-11-03 15:00:00,2019-11-03 15:00:00,129.1494273921135,235.44707221320814,45.48052710601388,12.787074551902908,46,1 days 04:00:00
54,3,132.20564923070367,163.7706854187357,882,0.7,338,2019-11-03 15:00:00,2019-11-03 15:00:00,132.20564923070367,163.7706854187357,45.503730525612724,12.243041255550176,66,0 days 03:00:00
54,4,141.72114769361087,326.94084518038136,3319,0.7,339,2019-11-03 15:00:00,2019-11-03 15:00:00,141.72114769361087,326.94084518038136,45.57597400635062,13.481524441596822,70,0 days 00:00:00
54,6,137.53784759943267,100.82118037303808,1039,0.7,340,2019-11-03 15:00:00,2019-11-03 15:00:00,137.53784759943267,100.82118037303808,45.544213593488095,11.765246150838998,64,0 days 06:00:00
54,9,156.80123666311866,28.194865878198968,2042,0.7,341,2019-11-03 15:00:00,2019-11-03 15:00:00,156.80123666311866,28.194865878198968,45.69046492043582,11.21400277706413,42,1 days 04:00:00
54,10,251.82857482591504,237.1101918381481,41430,0.7,342,2019-11-03 15:00:00,2019-11-03 15:00:00,251.82857482591504,237.1101918381481,46.41193061147658,12.799697850763932,71,0 days 00:00:00
54,12,333.08812392946146,453.075916471902,3286,0.7,343,2019-11-03 15:00:00,2019-11-03 15:00:00,333.08812392946146,453.075916471902,47.02886861985491,14.438906386883506,68,0 days 03:00:00
54,13,359.4707714868025,511.41572175065266,530,0.7,344,2019-11-03 15:00:00,2019-11-03 15:00:00,359.4707714868025,511.41572175065266,47.229170716277245,14.881713258069471,72,0 days 00:00:00
55,1,94.4816929356847,425.8051142087349,384,0.7,345,2019-11-03 18:00:00,2019-11-03 18:00:00,94.4816929356847,425.8051142087349,45.21732304831865,14.23191737539837,65,0 days 06:00:00
55,2,133.61987986813386,156.591998012614,4590,0.7,346,2019-11-03 18:00:00,2019-11-03 18:00:00,133.61987986813386,156.591998012614,45.514467634573684,12.188554064611871,66,0 days 06:00:00
55,3,130.81602054386366,441.9194033741213,1254,0.7,347,2019-11-03 18:00:00,2019-11-03 18:00:00,130.81602054386366,441.9194033741213,45.493180199356885,14.354226970581568,73,0 days 00:00:00
55,4,140.31733087434827,323.35907782798387,2844,0.7,348,2019-11-03 18:00:00,2019-11-03 18:00:00,140.31733087434827,323.35907782798387,45.565315961085076,13.454338351635549,70,0 days 03:00:00
55,7,168.8073734778483,29.207171439629857,3862,0.7,349,2019-11-03 18:00:00,2019-11-03 18:00:00,168.8073734778483,29.207171439629857,45.78161780297715,11.22168631073723,42,1 days 07:00:00
55,8,269.1712574308824,267.06528492716757,52882,0.7,350,2019-11-03 18:00:00,2019-11-03 18:00:00,269.1712574308824,267.06528492716757,46.54359956834727,13.027060986164459,74,0 days 00:00:00
55,9,441.2318002878516,171.0859281860477,1520,0.7,351,2019-11-03 18:00:00,2019-11-03 18:00:00,441.2318002878516,171.0859281860477,47.84991605424616,12.2985649198182,75,0 days 00:00:00
